{
   "192.168.0.242": {
      "os": [],
      "tcp": {
         "22": [
            {
               "portid": "22",
               "protocol": "tcp",
               "state": "open",
               "extrainfo": "protocol 2.0",
               "cve_count": "39",
               "name": "OpenSSH 4.7p1 Debian 8ubuntu1.2",
               "service": "ssh",
               "cpes": [
                  "cpe:/a:openbsd:openssh:4.7p1"
               ],
               "aggregated_cvssv3": 9.8,
               "cvssv3_severity": "Critical"
            }
         ],
         "80": [
            {
               "portid": "80",
               "protocol": "tcp",
               "state": "open",
               "extrainfo": "(Ubuntu) PHP/5.2.4-2ubuntu5.6 with Suhosin-Patch",
               "cve_count": "65",
               "name": "Apache httpd 2.2.8",
               "service": "http",
               "cpes": [
                  "cpe:/a:apache:http_server:2.2.8"
               ],
               "aggregated_cvssv3": 9.8,
               "cvssv3_severity": "Critical"
            }
         ]
      },
      "udp": {},
      "total_cve_count": "104",
      "final_cvssv3": 9.8,
      "cvssv3_severity": "Critical"
   },
   "192.168.0.246": {
      "os": [],
      "tcp": {
         "21": [
            {
               "portid": "21",
               "protocol": "tcp",
               "state": "open",
               "cve_count": "8",
               "name": "ProFTPD 1.3.3c",
               "service": "ftp",
               "cpes": [
                  "cpe:/a:proftpd:proftpd:1.3.3c"
               ],
               "cve_extrainfo": "Original CPE was invalid, unofficial or too broad 'cpe:/a:proftpd:proftpd:1.3.3c'. Determined more specific / correct CPEs and included their CVEs",
               "aggregated_cvssv3": 8.6991597801698,
               "cvssv3_severity": "High"
            }
         ],
         "22": [
            {
               "portid": "22",
               "protocol": "tcp",
               "state": "open",
               "extrainfo": "Ubuntu Linux; protocol 2.0",
               "cve_count": "13",
               "name": "OpenSSH 7.2p2 Ubuntu 4ubuntu2.8",
               "service": "ssh",
               "cpes": [
                  "cpe:/a:openbsd:openssh:7.2p2"
               ],
               "cve_extrainfo": "Original CPE was invalid, unofficial or too broad 'cpe:/a:openbsd:openssh:7.2p2'. Determined more specific / correct CPEs and included their CVEs",
               "aggregated_cvssv3": 6.518500838003175,
               "cvssv3_severity": "Medium"
            }
         ],
         "80": [
            {
               "portid": "80",
               "protocol": "tcp",
               "state": "open",
               "extrainfo": "(Ubuntu)",
               "cve_count": "52",
               "name": "Apache httpd 2.4.18",
               "service": "http",
               "cpes": [
                  "cpe:/a:apache:http_server:2.4.18"
               ],
               "aggregated_cvssv3": 9.8,
               "cvssv3_severity": "Critical"
            },
            {
               "cve_count": "31",
               "name": "WordPress 4.9.13",
               "portid": "80",
               "protocol": "tcp",
               "state": "open",
               "service": "http",
               "cpes": [
                  "cpe:/a:wordpress:wordpress:4.9.13"
               ],
               "aggregated_cvssv3": 9.8,
               "cvssv3_severity": "Critical"
            }
         ],
         "139": [
            {
               "portid": "139",
               "protocol": "tcp",
               "state": "open",
               "extrainfo": "workgroup: WORKGROUP",
               "hostname": "VTCSEC",
               "cve_count": "26",
               "name": "Samba smbd 3.X - 4.X",
               "service": "netbios-ssn",
               "cpes": [
                  "cpe:/a:samba:samba:4.3.11"
               ],
               "aggregated_cvssv3": 9.8,
               "cvssv3_severity": "Critical"
            }
         ],
         "445": [
            {
               "portid": "445",
               "protocol": "tcp",
               "state": "open",
               "extrainfo": "workgroup: WORKGROUP",
               "hostname": "VTCSEC",
               "cve_count": "26",
               "name": "Samba smbd 4.3.11-Ubuntu",
               "service": "netbios-ssn",
               "cpes": [
                  "cpe:/a:samba:samba:4.3.11"
               ],
               "aggregated_cvssv3": 9.8,
               "cvssv3_severity": "Critical"
            }
         ]
      },
      "udp": {},
      "total_cve_count": "156",
      "final_cvssv3": 9.8,
      "cvssv3_severity": "Critical"
   }
}