{
   "192.168.0.242": {
      "os": [
         {
            "name": "Linux Linux 2.6.X",
            "cpes": [
               "cpe:/o:linux:linux_kernel:2.6"
            ],
            "accuracy": "100",
            "type": "general purpose",
            "trust": 3.0
         }
      ],
      "tcp": {
         "22": [
            {
               "portid": "22",
               "protocol": "tcp",
               "state": "open",
               "extrainfo": "protocol 2.0",
               "cpes": [
                  "cpe:/a:openbsd:openssh:4.7p1"
               ],
               "name": "OpenSSH 4.7p1 Debian 8ubuntu1.2",
               "service": "ssh",
               "trust": 3.0
            }
         ],
         "80": [
            {
               "portid": "80",
               "protocol": "tcp",
               "state": "open",
               "extrainfo": "(Ubuntu) PHP/5.2.4-2ubuntu5.6 with Suhosin-Patch",
               "cpes": [
                  "cpe:/a:apache:http_server:2.2.8"
               ],
               "name": "Apache httpd 2.2.8",
               "service": "http",
               "trust": 3.0
            }
         ]
      },
      "udp": {}
   },
   "192.168.0.246": {
      "os": [
         {
            "name": "Linux Linux 3.X",
            "cpes": [
               "cpe:/o:linux:linux_kernel:3.2"
            ],
            "accuracy": "95",
            "type": "general purpose",
            "trust": 3.0
         }
      ],
      "tcp": {
         "21": [
            {
               "portid": "21",
               "protocol": "tcp",
               "state": "open",
               "cpes": [
                  "cpe:/a:proftpd:proftpd:1.3.3c"
               ],
               "name": "ProFTPD 1.3.3c",
               "service": "ftp",
               "trust": 3.0
            }
         ],
         "22": [
            {
               "portid": "22",
               "protocol": "tcp",
               "state": "open",
               "extrainfo": "Ubuntu Linux; protocol 2.0",
               "cpes": [
                  "cpe:/a:openbsd:openssh:7.2p2"
               ],
               "name": "OpenSSH 7.2p2 Ubuntu 4ubuntu2.8",
               "service": "ssh",
               "trust": 3.0
            }
         ],
         "80": [
            {
               "portid": "80",
               "protocol": "tcp",
               "state": "open",
               "extrainfo": "(Ubuntu)",
               "cpes": [
                  "cpe:/a:apache:http_server:2.4.18"
               ],
               "name": "Apache httpd 2.4.18",
               "service": "http",
               "trust": 3.0
            },
            {
               "cpes": [
                  "cpe:/a:wordpress:wordpress:4.9.13"
               ],
               "name": "WordPress 4.9.13",
               "portid": "80",
               "protocol": "tcp",
               "state": "open",
               "service": "http",
               "trust": 3.0
            }
         ],
         "139": [
            {
               "portid": "139",
               "protocol": "tcp",
               "state": "open",
               "extrainfo": "workgroup: WORKGROUP",
               "hostname": "VTCSEC",
               "cpes": [
                  "cpe:/a:samba:samba:4.3.11"
               ],
               "name": "Samba smbd 3.X - 4.X",
               "service": "netbios-ssn",
               "trust": 3.0
            }
         ],
         "445": [
            {
               "portid": "445",
               "protocol": "tcp",
               "state": "open",
               "extrainfo": "workgroup: WORKGROUP",
               "hostname": "VTCSEC",
               "cpes": [
                  "cpe:/a:samba:samba:4.3.11"
               ],
               "name": "Samba smbd 4.3.11-Ubuntu",
               "service": "netbios-ssn",
               "trust": 3.0
            }
         ]
      },
      "udp": {}
   }
}