{
   "192.168.0.242": {
      "80": {
         "kioptrix3.com": {
            "200": {
               "/index.php": {
                  "GET": [
                     "archive",
                     "post",
                     "category",
                     "system",
                     "page"
                  ],
                  "instances": [
                     {
                        "GET": {
                           "system": "Admin"
                        },
                        "POST": {},
                        "cookies": {}
                     },
                     {
                        "GET": {
                           "system": "Blog"
                        },
                        "POST": {},
                        "cookies": {}
                     },
                     {
                        "GET": {
                           "page": "index"
                        },
                        "POST": {},
                        "cookies": {}
                     },
                     {
                        "GET": {
                           "system": "Admin",
                           "page": "loginSubmit"
                        },
                        "POST": {},
                        "cookies": {}
                     },
                     {
                        "GET": {
                           "system": "Blog",
                           "post": "1281005380"
                        },
                        "POST": {},
                        "cookies": {}
                     },
                     {
                        "GET": {
                           "system": "Blog",
                           "archive": "2010-8"
                        },
                        "POST": {},
                        "cookies": {}
                     },
                     {
                        "GET": {
                           "system": "Blog",
                           "post": "1281005382"
                        },
                        "POST": {},
                        "cookies": {}
                     },
                     {
                        "GET": {
                           "system": "Blog",
                           "category": "0"
                        },
                        "POST": {},
                        "cookies": {}
                     },
                     {
                        "GET": {
                           "system": "Admin",
                           "page": "loginSubmit"
                        },
                        "POST": {
                           "username": "",
                           "password": ""
                        },
                        "cookies": {}
                     }
                  ],
                  "POST": [
                     "username",
                     "password"
                  ]
               },
               "/core/": {},
               "/update.php": {},
               "/modules/": {},
               "/": {
                  "cookies": [
                     "PHPSESSID",
                     "gallarific_vote_3",
                     "gallarific_vote_4",
                     "gallarific_vote_5"
                  ]
               },
               "/cache/": {},
               "/style/": {},
               "/phpmyadmin/": {
                  "cookies": [
                     "PHPSESSID",
                     "pmaCookieVer",
                     "phpMyAdmin",
                     "pma_fontsize",
                     "pma_mcrypt_iv"
                  ]
               },
               "/gallery/photos/thumb_8csqlvc375.jpg": {},
               "/phpmyadmin/translators.html": {},
               "/gallery/photos/thumb_0q52na4t2g.jpg": {},
               "/icons/blank.gif": {},
               "/gallery/photos/thumb_8y1a02r6yh.jpg": {},
               "/phpmyadmin/index.php": {
                  "POST": [
                     "pma_username",
                     "collation_connection",
                     "convcharset",
                     "lang",
                     "server",
                     "pma_password"
                  ],
                  "instances": [
                     {
                        "GET": {},
                        "POST": {
                           "collation_connection": "utf8_unicode_ci",
                           "convcharset": "iso-8859-1",
                           "server": "1",
                           "lang": "en-utf-8"
                        },
                        "cookies": {
                           "pmaCookieVer": "4",
                           "phpMyAdmin": "1Hwn5ztibwB%2C-UqNc406oyzXFS9",
                           "pma_mcrypt_iv": "nBo9ZjMkABM%3D",
                           "PHPSESSID": "20ee2822907ed3626b272249d7f7d477"
                        }
                     },
                     {
                        "GET": {},
                        "POST": {
                           "collation_connection": "utf8_unicode_ci",
                           "convcharset": "iso-8859-1",
                           "server": "1",
                           "pma_username": "",
                           "pma_password": "",
                           "lang": ""
                        },
                        "cookies": {}
                     }
                  ]
               },
               "/phpmyadmin/print.css": {},
               "/phpmyadmin/favicon.ico": {},
               "/modules/TinyMCE/": {},
               "/phpmyadmin/Documentation.html": {},
               "/phpmyadmin/phpmyadmin.css.php": {
                  "GET": [
                     "collation_connection",
                     "js_frame",
                     "token",
                     "convcharset",
                     "lang",
                     "nocache"
                  ],
                  "instances": [
                     {
                        "GET": {
                           "lang": "en-utf-8",
                           "convcharset": "iso-8859-1",
                           "collation_connection": "utf8_unicode_ci",
                           "token": "da74397afc5a39da5b1bc3d1b46d6e28",
                           "js_frame": "right",
                           "nocache": "3710267720"
                        },
                        "POST": {},
                        "cookies": {}
                     },
                     {
                        "GET": {
                           "lang": "en-utf-8",
                           "convcharset": "iso-8859-1",
                           "collation_connection": "utf8_unicode_ci",
                           "token": "936432d469ff0f0f519a3cf2c6735a5a",
                           "js_frame": "right",
                           "nocache": "3710267720"
                        },
                        "POST": {},
                        "cookies": {}
                     }
                  ]
               },
               "/modules/FileManager/": {},
               "/phpmyadmin/docs.css": {},
               "/modules/Menu/": {},
               "/modules/Blog/": {},
               "/modules/lrte/": {},
               "/modules/Backup/": {},
               "/modules/Dashboard/": {},
               "/icons/folder.gif": {},
               "/modules/Nicedit/": {},
               "/icons/back.gif": {},
               "/phpmyadmin/changelog.php": {},
               "/modules/TinyMCE/EditorViewPlugin.php": {},
               "/phpmyadmin/license.php": {},
               "/modules/TinyMCE/TinyMCEModuleInfo.php": {},
               "/icons/unknown.gif": {},
               "/modules/lrte/EditorViewPlugin.php": {},
               "/modules/TinyMCE/editor.js": {},
               "/modules/lrte/lrteModuleAdmin.php": {},
               "/modules/lrte/lrteModuleInstall.php": {},
               "/modules/TinyMCE/TinyMCEModuleAdmin.php": {},
               "/modules/lrte/lrteModuleInfo.php": {},
               "/modules/Menu/Browse.plb": {},
               "/modules/Menu/MenuModuleAdmin.php": {},
               "/modules/Menu/MenuModuleInfo.php": {},
               "/modules/Nicedit/NiceditModuleAdmin.php": {},
               "/modules/Dashboard/DashboardModuleInstall.php": {},
               "/modules/Nicedit/EditorViewPlugin.php": {},
               "/modules/Nicedit/NiceditModuleInstall.php": {},
               "/modules/Nicedit/NiceditModuleInfo.php": {},
               "/modules/Dashboard/noDisableStatus.dat": {},
               "/modules/Dashboard/DashboardModuleAdmin.php": {},
               "/modules/Dashboard/DashboardModuleInfo.php": {},
               "/modules/Dashboard/DashViewPlugin.php": {},
               "/phpmyadmin/scripts/": {},
               "/modules/Backup/Browse.plb": {},
               "/modules/Backup/readme.txt": {},
               "/modules/Backup/noDisableStatus.dat": {},
               "/icons/text.gif": {},
               "/modules/Backup/BackupModuleInfo.php": {},
               "/modules/Backup/BackupModuleInstall.php": {},
               "/modules/Backup/pclzip.lib.php": {},
               "/modules/Backup/logo.png": {},
               "/modules/Backup/BackupModuleAdmin.php": {},
               "/modules/Menu/MenuModule.php": {},
               "/modules/Menu/logo.png": {},
               "/modules/Menu/MenuModuleInstall.php": {},
               "/modules/FileManager/FileManagerModuleAdmin.php": {},
               "/icons/image2.gif": {},
               "/modules/FileManager/FileManagerModuleInstall.php": {},
               "/modules/FileManager/FileManagerModuleInfo.php": {},
               "/modules/FileManager/filemanager.php": {},
               "/modules/FileManager/Browse.plb": {},
               "/modules/Menu/noDisableStatus.dat": {},
               "/modules/FileManager/logo.png": {},
               "/modules/TinyMCE/TinyMCEModuleInstall.php": {},
               "/gallery/vote.php": {
                  "GET": [
                     "id",
                     "vote",
                     "from"
                  ],
                  "instances": [
                     {
                        "GET": {
                           "id": "3",
                           "vote": "1",
                           "from": "%2Fgallery%2Fp.php%2F3%3F"
                        },
                        "POST": {},
                        "cookies": {}
                     },
                     {
                        "GET": {
                           "id": "4",
                           "vote": "1",
                           "from": "%2Fgallery%2Fp.php%2F4%3F"
                        },
                        "POST": {},
                        "cookies": {}
                     },
                     {
                        "GET": {
                           "id": "3",
                           "vote": "4",
                           "from": "%2Fgallery%2Fp.php%2F3%3F"
                        },
                        "POST": {},
                        "cookies": {}
                     },
                     {
                        "GET": {
                           "id": "4",
                           "vote": "4",
                           "from": "%2Fgallery%2Fp.php%2F4%3F"
                        },
                        "POST": {},
                        "cookies": {}
                     },
                     {
                        "GET": {
                           "id": "3",
                           "vote": "2",
                           "from": "%2Fgallery%2Fp.php%2F3%3F"
                        },
                        "POST": {},
                        "cookies": {}
                     },
                     {
                        "GET": {
                           "id": "3",
                           "vote": "3",
                           "from": "%2Fgallery%2Fp.php%2F3%3F"
                        },
                        "POST": {},
                        "cookies": {}
                     },
                     {
                        "GET": {
                           "id": "3",
                           "vote": "5",
                           "from": "%2Fgallery%2Fp.php%2F3%3F"
                        },
                        "POST": {},
                        "cookies": {}
                     },
                     {
                        "GET": {
                           "id": "4",
                           "vote": "3",
                           "from": "%2Fgallery%2Fp.php%2F4%3F"
                        },
                        "POST": {},
                        "cookies": {}
                     },
                     {
                        "GET": {
                           "id": "4",
                           "vote": "5",
                           "from": "%2Fgallery%2Fp.php%2F4%3F"
                        },
                        "POST": {},
                        "cookies": {}
                     },
                     {
                        "GET": {
                           "id": "5",
                           "vote": "3",
                           "from": "%2Fgallery%2Fp.php%2F5%3F"
                        },
                        "POST": {},
                        "cookies": {}
                     },
                     {
                        "GET": {
                           "id": "4",
                           "vote": "2",
                           "from": "%2Fgallery%2Fp.php%2F4%3F"
                        },
                        "POST": {},
                        "cookies": {}
                     },
                     {
                        "GET": {
                           "id": "5",
                           "vote": "5",
                           "from": "%2Fgallery%2Fp.php%2F5%3F"
                        },
                        "POST": {},
                        "cookies": {}
                     },
                     {
                        "GET": {
                           "id": "5",
                           "vote": "2",
                           "from": "%2Fgallery%2Fp.php%2F5%3F"
                        },
                        "POST": {},
                        "cookies": {}
                     },
                     {
                        "GET": {
                           "id": "5",
                           "vote": "1",
                           "from": "%2Fgallery%2Fp.php%2F5%3F"
                        },
                        "POST": {},
                        "cookies": {}
                     },
                     {
                        "GET": {
                           "id": "5",
                           "vote": "4",
                           "from": "%2Fgallery%2Fp.php%2F5%3F"
                        },
                        "POST": {},
                        "cookies": {}
                     }
                  ]
               },
               "/gallery/photos/med_0q52na4t2g.jpg": {},
               "/gallery/photos/8csqlvc375.jpg": {},
               "/gallery/photos/med_8csqlvc375.jpg": {},
               "/gallery/photos/0q52na4t2g.jpg": {},
               "/gallery/photos/8y1a02r6yh.jpg": {},
               "/gallery/photos/med_8y1a02r6yh.jpg": {},
               "/gallery": {
                  "cookies": [
                     "gallarific_vote_5",
                     "gallarific_vote_4",
                     "gallarific_vote_3"
                  ]
               }
            },
            "403": {
               "/data": {}
            },
            "500": {
               "/gallery/": {},
               "/gallery/index.php": {},
               "/gallery/p.php/4": {},
               "/gallery/p.php/3": {},
               "/gallery/recent.php": {},
               "/gallery/g.php/1": {},
               "/gallery/login.php": {},
               "/gallery/p.php/5": {},
               "/gallery/p.php/": {},
               "/gallery/gallery.php": {
                  "GET": [
                     "id",
                     "sort"
                  ],
                  "instances": [
                     {
                        "GET": {
                           "id": "1",
                           "sort": ""
                        },
                        "POST": {},
                        "cookies": {}
                     }
                  ]
               },
               "/gallery/g.php/": {}
            },
            "401": {
               "/phpmyadmin/scripts/setup.php": {}
            }
         }
      }
   },
   "192.168.0.246": {
      "80": {
         "vtcsec": {
            "200": {
               "/index.html": {},
               "/": {},
               "/secret/": {
                  "GET": [
                     "s"
                  ],
                  "instances": [
                     {
                        "GET": {
                           "s": ""
                        },
                        "POST": {},
                        "cookies": {}
                     }
                  ],
                  "cookies": [
                     "wordpress_test_cookie",
                     "wordpress_logged_in_c33487bf823480f7fd1fb9b067cc38a7",
                     "wp-settings-0",
                     "wp-settings-time-0",
                     "wordpress_c33487bf823480f7fd1fb9b067cc38a7",
                     "wordpress_sec_c33487bf823480f7fd1fb9b067cc38a7",
                     "wordpressuser_c33487bf823480f7fd1fb9b067cc38a7",
                     "wordpresspass_c33487bf823480f7fd1fb9b067cc38a7",
                     "wp-postpass_c33487bf823480f7fd1fb9b067cc38a7"
                  ]
               },
               "/secret/wp-includes/wlwmanifest.xml": {},
               "/secret/xmlrpc.php": {
                  "GET": [
                     "rsd"
                  ],
                  "instances": [
                     {
                        "GET": {
                           "rsd": ""
                        },
                        "POST": {},
                        "cookies": {}
                     }
                  ]
               },
               "/secret/wp-login.php": {
                  "GET": [
                     "redirect_to",
                     "reauth",
                     "action"
                  ],
                  "instances": [
                     {
                        "GET": {
                           "action": "lostpassword"
                        },
                        "POST": {},
                        "cookies": {}
                     },
                     {
                        "GET": {
                           "redirect_to": "http%3A%2F%2Fvtcsec%2Fsecret%2Fwp-admin%2F",
                           "reauth": "1"
                        },
                        "POST": {},
                        "cookies": {}
                     },
                     {
                        "GET": {},
                        "POST": {
                           "log": "",
                           "pwd": "",
                           "rememberme": "forever",
                           "wp-submit": "Log In",
                           "redirect_to": "http://vtcsec/secret/wp-admin/",
                           "testcookie": "1"
                        },
                        "cookies": {}
                     },
                     {
                        "GET": {
                           "action": "lostpassword"
                        },
                        "POST": {
                           "user_login": "",
                           "redirect_to": "",
                           "wp-submit": "Get New Password"
                        },
                        "cookies": {}
                     }
                  ],
                  "POST": [
                     "log",
                     "rememberme",
                     "pwd",
                     "redirect_to",
                     "wp-submit",
                     "testcookie",
                     "user_login"
                  ]
               },
               "/secret/wp-includes/": {},
               "/secret/wp-admin/load-styles.php": {
                  "GET": [
                     "ver",
                     "load%5B%5D",
                     "c",
                     "dir"
                  ],
                  "instances": [
                     {
                        "GET": {
                           "c": "0",
                           "dir": "ltr",
                           "load%5B%5D": "dashicons,buttons,forms,l10n,login",
                           "ver": "4.9.13"
                        },
                        "POST": {},
                        "cookies": {}
                     }
                  ]
               },
               "/secret/wp-includes/taxonomy.php": {},
               "/secret/wp-includes/class-wp-http-response.php": {},
               "/secret/wp-includes/bookmark-template.php": {},
               "/secret/wp-includes/class-wp-hook.php": {},
               "/secret/wp-includes/class-wp-session-tokens.php": {},
               "/secret/wp-includes/comment-template.php": {},
               "/secret/wp-includes/widgets.php": {},
               "/secret/wp-includes/capabilities.php": {},
               "/secret/wp-includes/class-wp-http-cookie.php": {},
               "/secret/wp-includes/class-wp-customize-widgets.php": {},
               "/secret/wp-includes/class.wp-dependencies.php": {},
               "/secret/wp-includes/class-wp-http-curl.php": {},
               "/secret/wp-includes/class-oembed.php": {},
               "/icons/folder.gif": {},
               "/secret/wp-includes/link-template.php": {},
               "/secret/wp-includes/class-requests.php": {},
               "/secret/wp-includes/revision.php": {},
               "/secret/wp-includes/kses.php": {},
               "/secret/wp-includes/class-wp-locale-switcher.php": {},
               "/secret/wp-includes/class-wp-query.php": {},
               "/secret/wp-includes/query.php": {},
               "/secret/wp-includes/l10n.php": {},
               "/secret/wp-includes/class-wp-theme.php": {},
               "/secret/wp-includes/bookmark.php": {},
               "/secret/wp-includes/class-wp-editor.php": {},
               "/secret/wp-includes/nav-menu.php": {},
               "/secret/wp-includes/class-wp-term.php": {},
               "/secret/wp-includes/class-pop3.php": {},
               "/secret/wp-includes/general-template.php": {},
               "/secret/wp-includes/post-formats.php": {},
               "/secret/wp-includes/shortcodes.php": {},
               "/secret/wp-includes/class-wp-customize-nav-menus.php": {},
               "/secret/wp-includes/load.php": {},
               "/secret/wp-includes/version.php": {},
               "/secret/wp-includes/class-wp-tax-query.php": {},
               "/secret/wp-includes/class-wp-metadata-lazyloader.php": {},
               "/secret/wp-includes/post-thumbnail-template.php": {},
               "/secret/wp-includes/compat.php": {},
               "/secret/wp-includes/class-wp-network-query.php": {},
               "/icons/blank.gif": {},
               "/secret/wp-includes/author-template.php": {},
               "/secret/wp-includes/class-wp-http-streams.php": {},
               "/secret/wp-includes/class-wp-image-editor.php": {},
               "/secret/wp-includes/class-wp-ajax-response.php": {},
               "/secret/wp-includes/atomlib.php": {},
               "/secret/wp-includes/option.php": {},
               "/secret/wp-includes/user.php": {},
               "/secret/wp-includes/post.php": {},
               "/secret/wp-includes/rest-api.php": {},
               "/secret/wp-includes/admin-bar.php": {},
               "/secret/wp-includes/class-wp-error.php": {},
               "/secret/wp-includes/pluggable.php": {},
               "/secret/wp-includes/class-wp-customize-manager.php": {},
               "/secret/wp-includes/spl-autoload-compat.php": {},
               "/secret/wp-includes/date.php": {},
               "/secret/wp-includes/plugin.php": {},
               "/secret/wp-includes/class-wp-widget.php": {},
               "/secret/wp-includes/class-wp-locale.php": {},
               "/secret/wp-includes/class-wp.php": {},
               "/secret/wp-includes/class-wp-oembed-controller.php": {},
               "/secret/wp-includes/template.php": {},
               "/secret/wp-includes/class-phpass.php": {},
               "/secret/wp-includes/class-wp-network.php": {},
               "/secret/wp-includes/class-wp-list-util.php": {},
               "/secret/wp-includes/functions.wp-styles.php": {},
               "/secret/wp-includes/ms-functions.php": {},
               "/secret/wp-includes/pluggable-deprecated.php": {},
               "/secret/wp-includes/class-wp-dependency.php": {},
               "/secret/wp-includes/class-wp-rewrite.php": {},
               "/secret/wp-includes/functions.wp-scripts.php": {},
               "/secret/wp-includes/default-constants.php": {},
               "/secret/wp-includes/class-wp-http-encoding.php": {},
               "/secret/wp-includes/feed.php": {},
               "/secret/wp-includes/class-wp-role.php": {},
               "/secret/wp-includes/class-wp-embed.php": {},
               "/secret/wp-includes/class-wp-term-query.php": {},
               "/secret/wp-includes/class-wp-comment-query.php": {},
               "/icons/unknown.gif": {},
               "/icons/back.gif": {},
               "/secret/wp-includes/ms-deprecated.php": {},
               "/secret/wp-includes/class-wp-admin-bar.php": {},
               "/secret/wp-includes/class-wp-comment.php": {},
               "/secret/wp-includes/formatting.php": {},
               "/secret/wp-includes/class-phpmailer.php": {},
               "/secret/wp-includes/class-wp-feed-cache-transient.php": {},
               "/secret/wp-includes/class-wp-post.php": {},
               "/secret/wp-includes/class-wp-user.php": {},
               "/secret/wp-includes/class-wp-http-proxy.php": {},
               "/secret/wp-includes/rewrite.php": {},
               "/secret/wp-includes/canonical.php": {},
               "/secret/wp-includes/class-wp-post-type.php": {},
               "/secret/wp-includes/deprecated.php": {},
               "/secret/wp-includes/class-wp-meta-query.php": {},
               "/secret/wp-includes/class-smtp.php": {},
               "/secret/wp-includes/class-wp-site-query.php": {},
               "/secret/wp-includes/class-wp-widget-factory.php": {},
               "/secret/wp-includes/ms-load.php": {},
               "/secret/wp-includes/class-wp-user-query.php": {},
               "/secret/wp-includes/ms-default-constants.php": {},
               "/secret/wp-includes/ms-files.php": {},
               "/secret/wp-includes/embed.php": {},
               "/secret/wp-includes/class-wp-taxonomy.php": {},
               "/secret/wp-includes/cache.php": {},
               "/secret/wp-includes/wp-db.php": {},
               "/secret/wp-includes/meta.php": {},
               "/secret/wp-includes/http.php": {},
               "/secret/wp-includes/category-template.php": {},
               "/secret/wp-includes/media-template.php": {},
               "/secret/wp-includes/class-json.php": {},
               "/secret/wp-includes/category.php": {},
               "/secret/wp-includes/class-wp-roles.php": {},
               "/secret/wp-includes/theme.php": {},
               "/secret/wp-includes/comment.php": {},
               "/secret/wp-includes/class-wp-matchesmapregex.php": {},
               "/secret/wp-includes/class-wp-walker.php": {},
               "/secret/wp-includes/ms-blogs.php": {},
               "/secret/wp-includes/post-template.php": {},
               "/secret/wp-includes/cron.php": {},
               "/secret/wp-includes/class-wp-site.php": {},
               "/secret/wp-admin": {
                  "cookies": [
                     "wordpress_c33487bf823480f7fd1fb9b067cc38a7",
                     "wordpress_sec_c33487bf823480f7fd1fb9b067cc38a7"
                  ]
               },
               "/secret/wp-content/plugins": {
                  "cookies": [
                     "wordpress_c33487bf823480f7fd1fb9b067cc38a7",
                     "wordpress_sec_c33487bf823480f7fd1fb9b067cc38a7"
                  ]
               }
            },
            "500": {
               "/secret/wp-includes/class.wp-scripts.php": {},
               "/secret/wp-includes/class.wp-styles.php": {},
               "/secret/wp-includes/feed-rss2.php": {},
               "/secret/wp-includes/default-filters.php": {},
               "/secret/wp-includes/wp-diff.php": {},
               "/secret/wp-includes/class-wp-http-ixr-client.php": {},
               "/secret/wp-includes/class-wp-simplepie-file.php": {},
               "/secret/wp-includes/class-walker-page-dropdown.php": {},
               "/secret/wp-includes/registration.php": {},
               "/secret/wp-includes/update.php": {},
               "/secret/wp-includes/ms-default-filters.php": {},
               "/secret/wp-includes/class-walker-comment.php": {},
               "/secret/wp-includes/media.php": {},
               "/secret/wp-includes/class-wp-http-requests-response.php": {},
               "/secret/wp-includes/locale.php": {},
               "/secret/wp-includes/class-http.php": {},
               "/secret/wp-includes/class-wp-image-editor-gd.php": {},
               "/secret/wp-includes/class-simplepie.php": {},
               "/secret/wp-includes/default-widgets.php": {},
               "/secret/wp-includes/rss.php": {},
               "/secret/wp-includes/registration-functions.php": {},
               "/secret/wp-includes/class-snoopy.php": {},
               "/secret/wp-includes/class-wp-customize-setting.php": {},
               "/secret/wp-includes/nav-menu-template.php": {},
               "/secret/wp-includes/class-wp-xmlrpc-server.php": {},
               "/secret/wp-includes/ms-settings.php": {},
               "/secret/wp-includes/session.php": {},
               "/secret/wp-includes/class-IXR.php": {},
               "/secret/wp-includes/class-walker-category-dropdown.php": {},
               "/secret/wp-includes/feed-rss.php": {},
               "/secret/wp-includes/template-loader.php": {},
               "/secret/wp-includes/embed-template.php": {},
               "/secret/wp-includes/class-wp-text-diff-renderer-inline.php": {},
               "/secret/wp-includes/class-wp-user-meta-session-tokens.php": {},
               "/secret/wp-includes/functions.php": {},
               "/secret/wp-includes/rss-functions.php": {},
               "/secret/wp-includes/class-walker-nav-menu.php": {},
               "/secret/wp-includes/class-wp-feed-cache.php": {},
               "/secret/wp-includes/class-walker-category.php": {},
               "/secret/wp-includes/class-feed.php": {},
               "/secret/wp-includes/class-wp-customize-control.php": {},
               "/secret/wp-includes/feed-rss2-comments.php": {},
               "/secret/wp-includes/vars.php": {},
               "/secret/wp-includes/feed-atom.php": {},
               "/secret/wp-includes/feed-rdf.php": {},
               "/secret/wp-includes/script-loader.php": {},
               "/secret/wp-includes/class-wp-image-editor-imagick.php": {},
               "/secret/wp-includes/feed-atom-comments.php": {},
               "/secret/wp-includes/class-wp-customize-panel.php": {},
               "/secret/wp-includes/class-wp-customize-section.php": {},
               "/secret/wp-includes/class-wp-text-diff-renderer-table.php": {},
               "/secret/wp-includes/class-wp-http-requests-hooks.php": {},
               "/secret/wp-includes/class-wp-simplepie-sanitize-kses.php": {},
               "/secret/wp-includes/class-walker-page.php": {}
            },
            "302": {
               "/secret/wp-admin/": {
                  "misc_info": "redirect to /secret/wp-login.php"
               }
            }
         }
      }
   }
}