{
   "192.168.0.242": {
      "80": {
         "kioptrix3.com": {
            "200": {
               "/index.php": {},
               "/modules/": {},
               "/core/": {},
               "/update.php": {},
               "/style/": {},
               "/cache/": {},
               "/phpmyadmin/": {}
            },
            "500": {
               "/gallery/": {}
            },
            "403": {
               "/data": {}
            }
         }
      }
   },
   "192.168.0.246": {
      "80": {
         "vtcsec": {
            "200": {
               "/index.html": {},
               "/secret/": {}
            }
         }
      }
   }
}